,Argentina,Brazil
Argentina,,0.0027945823809971877
Brazil,0.0027945823809971877,
