species,pop1,pop2,Kxy,Dxy
Nasua nasua,Argentina,Brazil,41.666666666666664,0.036403727741720744
